{"0": {"Cys4HNE_C": 0.3283026538204014, "CysSO2H_C": 0.2832262487029899, "CysSO3H_C": 0.23739791733946009, "Hydro_K": 0.9464971842016874, "Hydro_P": 0.9743844409897433, "Methy_K": 0.96819755035748, "Methy_R": 0.85547977722133, "N6-ace_K": 0.8932682048178998, "Palm_C": 0.728540934772317, "Phos_ST": 0.7406394695292566, "Phos_Y": 0.8535684366764682, "Pyro_Q": 0.8375693377765842, "S-disulfidation_C": 0.5122174788379753, "S-glutathionylation_C": 0.5410458404533189, "S-itaconation_C": 0.5604850758218796, "S-nitrosylation_C": 0.5930806695257356, "S-persulfidation_C": 0.5321868617022172, "S-prenylation_C": 0.9861111111111112, "S-succination_C": 0.25224801714824097, "S-sulfenylation_C": 0.5647696186839396, "SUMO_K": 0.9659031890554644, "Ubi_K": 0.9219075644948673, "glyco_N": 0.9416592290658502, "glyco_ST": 0.8507011000973816}, "1": {"Cys4HNE_C": 0.44146992723427647, "CysSO2H_C": 0.23968055947110156, "CysSO3H_C": 0.25129496597798234, "Hydro_K": 0.9286685506294582, "Hydro_P": 0.9136217739490159, "Methy_K": 0.9515775061130994, "Methy_R": 0.8611542706568852, "N6-ace_K": 0.8754032908559803, "Palm_C": 0.7060260941194791, "Phos_ST": 0.7598458364716922, "Phos_Y": 0.8823732700610389, "Pyro_Q": 0.7999608184316838, "S-disulfidation_C": 0.6083542920111262, "S-glutathionylation_C": 0.5515348015459001, "S-itaconation_C": 0.6181986835178342, "S-nitrosylation_C": 0.6108627901587225, "S-persulfidation_C": 0.5752567516687123, "S-prenylation_C": 1.0, "S-succination_C": 0.349819704519008, "S-sulfenylation_C": 0.5239287896113579, "SUMO_K": 0.892964045205753, "Ubi_K": 0.875366983742764, "glyco_N": 0.9466589329082851, "glyco_ST": 0.9145643962288843}, "2": {"Cys4HNE_C": 0.37125974667644046, "CysSO2H_C": 0.4193675563976466, "CysSO3H_C": 0.4022065817985852, "Hydro_K": 0.8155453087975499, "Hydro_P": 0.9299190897383142, "Methy_K": 0.9356293659159258, "Methy_R": 0.8049964178795352, "N6-ace_K": 0.8856781578092756, "Palm_C": 0.7282945884811755, "Phos_ST": 0.6986998077950237, "Phos_Y": 0.8435631391529412, "Pyro_Q": 0.8073405951964353, "S-disulfidation_C": 0.6355431001222123, "S-glutathionylation_C": 0.5511508185319127, "S-itaconation_C": 0.5902446773162212, "S-nitrosylation_C": 0.5851862871363394, "S-persulfidation_C": 0.6506601256651399, "S-prenylation_C": 1.0, "S-succination_C": 0.3153783948328349, "S-sulfenylation_C": 0.5707064283300114, "SUMO_K": 0.8789277971945254, "Ubi_K": 0.8157846654324037, "glyco_N": 0.9461364258992515, "glyco_ST": 0.9048880193670004}, "3": {"Cys4HNE_C": 0.29466833575407225, "CysSO2H_C": 0.35193205886545453, "CysSO3H_C": 0.3413923370369155, "Hydro_K": 0.9111927557550057, "Hydro_P": 0.9338845304836744, "Methy_K": 0.9495786190424518, "Methy_R": 0.904025043104137, "N6-ace_K": 0.9033563353595276, "Palm_C": 0.6990371267976433, "Phos_ST": 0.7382971100927752, "Phos_Y": 0.8823510256978947, "Pyro_Q": 0.6720809803465806, "S-disulfidation_C": 0.3521551535933069, "S-glutathionylation_C": 0.5317226528634154, "S-itaconation_C": 0.5565715533035029, "S-nitrosylation_C": 0.6007465756114098, "S-persulfidation_C": 0.6192283778356116, "S-prenylation_C": 0.9093537414965986, "S-succination_C": 0.33001778531470605, "S-sulfenylation_C": 0.5752855450409828, "SUMO_K": 0.959780503346076, "Ubi_K": 0.8819348614919296, "glyco_N": 0.9441913660078416, "glyco_ST": 0.9529410516365399}, "4": {"Cys4HNE_C": 0.41744312744431533, "CysSO2H_C": 0.3144683947911095, "CysSO3H_C": 0.30556572197764914, "Hydro_K": 0.8464971367044027, "Hydro_P": 0.9353527629427743, "Methy_K": 0.9459915839213949, "Methy_R": 0.8242035407607206, "N6-ace_K": 0.8889419425174624, "Palm_C": 0.7093488753997297, "Phos_ST": 0.7276938870534162, "Phos_Y": 0.8865403358094259, "Pyro_Q": 0.8625081248663463, "S-disulfidation_C": 0.4563266265690584, "S-glutathionylation_C": 0.5418414971526402, "S-itaconation_C": 0.5031804921201507, "S-nitrosylation_C": 0.5841764198986891, "S-persulfidation_C": 0.5599890345807373, "S-prenylation_C": 1.0, "S-succination_C": 0.23426772761971898, "S-sulfenylation_C": 0.5919170556229797, "SUMO_K": 0.9667459674763667, "Ubi_K": 0.9097742249309413, "glyco_N": 0.9373357496852798, "glyco_ST": 0.8549084422548148}, "5": {"Cys4HNE_C": 0.36776947858177217, "CysSO2H_C": 0.40695917994094244, "CysSO3H_C": 0.39879444471687503, "Hydro_K": 0.9683591801724973, "Hydro_P": 0.955352498938208, "Methy_K": 0.9442144297379209, "Methy_R": 0.7950389511581339, "N6-ace_K": 0.9010775553964578, "Palm_C": 0.6307942819903137, "Phos_ST": 0.7229958911172453, "Phos_Y": 0.8253209860073856, "Pyro_Q": 0.8888329951826335, "S-disulfidation_C": 0.6516303249064112, "S-glutathionylation_C": 0.563428131139049, "S-itaconation_C": 0.5741440092408087, "S-nitrosylation_C": 0.5771780004145879, "S-persulfidation_C": 0.5599715923811023, "S-prenylation_C": 1.0, "S-succination_C": 0.27034505992700336, "S-sulfenylation_C": 0.5569596775945372, "SUMO_K": 0.8691994563595128, "Ubi_K": 0.9080403921573346, "glyco_N": 0.9478518877241798, "glyco_ST": 0.880378881521615}, "6": {"Cys4HNE_C": 0.4020599789140241, "CysSO2H_C": 0.35274838239669093, "CysSO3H_C": 0.2711024994998305, "Hydro_K": 0.8554373174880415, "Hydro_P": 0.867479297579002, "Methy_K": 0.944305191126699, "Methy_R": 0.8786443237019106, "N6-ace_K": 0.9080179345206123, "Palm_C": 0.6700205770657598, "Phos_ST": 0.7413461583704607, "Phos_Y": 0.8903754360108809, "Pyro_Q": 0.9150884381450278, "S-disulfidation_C": 0.4608707452033317, "S-glutathionylation_C": 0.517474185461638, "S-itaconation_C": 0.6193013293374138, "S-nitrosylation_C": 0.5363327498402928, "S-persulfidation_C": 0.6025401795219147, "S-prenylation_C": 0.9278138528138529, "S-succination_C": 0.21739211197706024, "S-sulfenylation_C": 0.5235850611382509, "SUMO_K": 0.9324918359440905, "Ubi_K": 0.9312593187880521, "glyco_N": 0.9430204635556, "glyco_ST": 0.870854583773604}, "7": {"Cys4HNE_C": 0.4339332432825593, "CysSO2H_C": 0.3635294346845877, "CysSO3H_C": 0.3788445272431641, "Hydro_K": 0.9404925484201623, "Hydro_P": 0.9690257466590322, "Methy_K": 0.955922557807735, "Methy_R": 0.8171074960867124, "N6-ace_K": 0.896789011860994, "Palm_C": 0.7066996172910635, "Phos_ST": 0.7159398435601803, "Phos_Y": 0.8727102550825561, "Pyro_Q": 0.9045649498493706, "S-disulfidation_C": 0.5423075904936966, "S-glutathionylation_C": 0.5475096976822589, "S-itaconation_C": 0.63032123773237, "S-nitrosylation_C": 0.5481949343424201, "S-persulfidation_C": 0.5922725336724206, "S-prenylation_C": 0.14285714285714285, "S-succination_C": 0.2604086895246369, "S-sulfenylation_C": 0.5280723524074178, "SUMO_K": 0.9180751801813833, "Ubi_K": 0.9063478776100177, "glyco_N": 0.948317886704535, "glyco_ST": 0.8977832169661086}, "8": {"Cys4HNE_C": 0.3116634477627824, "CysSO2H_C": 0.2551508368846527, "CysSO3H_C": 0.4351308233721227, "Hydro_K": 0.8790782991011458, "Hydro_P": 0.890041127682492, "Methy_K": 0.9153413258933423, "Methy_R": 0.7844332873064624, "N6-ace_K": 0.8828457054162393, "Palm_C": 0.6644802373958212, "Phos_ST": 0.7174142923857139, "Phos_Y": 0.8610388390387839, "Pyro_Q": 0.8785592386497264, "S-disulfidation_C": 0.7148475101922072, "S-glutathionylation_C": 0.5033170222163291, "S-itaconation_C": 0.6426961467411577, "S-nitrosylation_C": 0.5510537085850851, "S-persulfidation_C": 0.5292965059651749, "S-prenylation_C": 1.0, "S-succination_C": 0.3270139284352392, "S-sulfenylation_C": 0.5089956121838523, "SUMO_K": 0.9353862363947377, "Ubi_K": 0.916920343546968, "glyco_N": 0.9427214122228019, "glyco_ST": 0.9780176034457588}, "9": {"Cys4HNE_C": 0.2957222931123693, "CysSO2H_C": 0.2728841666536788, "CysSO3H_C": 0.336698294681111, "Hydro_K": 0.6912172364995952, "Hydro_P": 0.9207754808063395, "Methy_K": 0.9100874119577828, "Methy_R": 0.7026062739568705, "N6-ace_K": 0.7380494270660385, "Palm_C": 0.6786370043439548, "Phos_ST": 0.5961656783414367, "Phos_Y": 0.7026590219538231, "Pyro_Q": 0.8729020910862473, "S-disulfidation_C": 0.565750673597068, "S-glutathionylation_C": 0.5350351197748792, "S-itaconation_C": 0.6025652427448557, "S-nitrosylation_C": 0.5827441068126262, "S-persulfidation_C": 0.5359750005905421,