{"0": {"Hydro_K": 0.8878873204265109, "Hydro_P": 0.9445468262930612, "Methy_K": 0.9533355887877284, "Methy_R": 0.8552207392951771, "N6-ace_K": 0.9091915994305504, "Palm_C": 0.9886594532073311, "Phos_ST": 0.7501226747712397, "Phos_Y": 0.8908426972622245, "Pyro_Q": 0.9263019119424156, "SUMO_K": 0.8966866302791274, "Ubi_K": 0.9356405262221359, "glyco_N": 0.9540654012904304, "glyco_ST": 0.8194629983223012}, "1": {"Hydro_K": 0.8832411181924574, "Hydro_P": 0.9525555713340301, "Methy_K": 0.9483760602707585, "Methy_R": 0.8765581100552372, "N6-ace_K": 0.903110834471297, "Palm_C": 0.9801286562195091, "Phos_ST": 0.7473798542930289, "Phos_Y": 0.8918442350594571, "Pyro_Q": 0.9040063115872419, "SUMO_K": 0.9342197334337906, "Ubi_K": 0.9194555676102596, "glyco_N": 0.9456227583702216, "glyco_ST": 0.918037352877501}, "2": {"Hydro_K": 0.9240365500927513, "Hydro_P": 0.93744051164297, "Methy_K": 0.9399222058422049, "Methy_R": 0.841011153949957, "N6-ace_K": 0.8729745671180702, "Palm_C": 0.9533562592440671, "Phos_ST": 0.716630095588632, "Phos_Y": 0.8552464877242638, "Pyro_Q": 0.8315204023448017, "SUMO_K": 0.9205992507243526, "Ubi_K": 0.9122420046216162, "glyco_N": 0.9485435948719494, "glyco_ST": 0.8703871185594072}, "3": {"Hydro_K": 0.8614853217385617, "Hydro_P": 0.9306041271607938, "Methy_K": 0.9583582436622158, "Methy_R": 0.8818535043117743, "N6-ace_K": 0.9013248771797736, "Palm_C": 0.9687950609271189, "Phos_ST": 0.7533371056279033, "Phos_Y": 0.8777782054183003, "Pyro_Q": 0.8458430677616511, "SUMO_K": 0.9243626841652449, "Ubi_K": 0.9092819259580868, "glyco_N": 0.9509845019026065, "glyco_ST": 0.8778848481903531}, "4": {"Hydro_K": 0.8104528324304974, "Hydro_P": 0.9349461762889066, "Methy_K": 0.9525497568564844, "Methy_R": 0.8554231129822482, "N6-ace_K": 0.8951517716389714, "Palm_C": 0.9692001157747729, "Phos_ST": 0.7449560501567991, "Phos_Y": 0.8749915096216343, "Pyro_Q": 0.8571273597080352, "SUMO_K": 0.8968327998511846, "Ubi_K": 0.9022142379702826, "glyco_N": 0.9572639674805667, "glyco_ST": 0.8815431739054731}, "5": {"Hydro_K": 0.8786360883283728, "Hydro_P": 0.9350746821946869, "Methy_K": 0.952517078776119, "Methy_R": 0.8429522886584978, "N6-ace_K": 0.8992778866379003, "Palm_C": 0.971520476933329, "Phos_ST": 0.729985636876896, "Phos_Y": 0.8844714518453625, "Pyro_Q": 0.8720991110217418, "SUMO_K": 0.9057364103607753, "Ubi_K": 0.9148686495530599, "glyco_N": 0.9562851672506014, "glyco_ST": 0.8324235275441819}, "6": {"Hydro_K": 0.909570289928645, "Hydro_P": 0.9281584159428132, "Methy_K": 0.9321032514393014, "Methy_R": 0.8625085915549364, "N6-ace_K": 0.8989289261601943, "Palm_C": 0.969431706576897, "Phos_ST": 0.7465344285476638, "Phos_Y": 0.8791096174108193, "Pyro_Q": 0.9051665052235793, "SUMO_K": 0.9259035437979768, "Ubi_K": 0.8878699701509912, "glyco_N": 0.9546107503079153, "glyco_ST": 0.8656635634538266}, "7": {"Hydro_K": 0.909196528220842, "Hydro_P": 0.9384119152376866, "Methy_K": 0.9636578506997342, "Methy_R": 0.8708663147699138, "N6-ace_K": 0.915264018068411, "Palm_C": 0.9831002008581677, "Phos_ST": 0.7473643158479794, "Phos_Y": 0.8636479222867535, "Pyro_Q": 0.8650454397869929, "SUMO_K": 0.9221494122398339, "Ubi_K": 0.8887289310429926, "glyco_N": 0.9540636180964646, "glyco_ST": 0.917065150590225}, "8": {"Hydro_K": 0.8525057797759494, "Hydro_P": 0.8942541838830804, "Methy_K": 0.9563852709119132, "Methy_R": 0.883808607646219, "N6-ace_K": 0.8961439205703612, "Palm_C": 0.9715863434323425, "Phos_ST": 0.7289308029466851, "Phos_Y": 0.87355333322371, "Pyro_Q": 0.9175688054137735, "SUMO_K": 0.9172411786269428, "Ubi_K": 0.912470771755139, "glyco_N": 0.9508431253571622, "glyco_ST": 0.8801867881344216}, "9": {"Hydro_K": 0.8681912535955791, "Hydro_P": 0.9564293214280873, "Methy_K": 0.9530530532503313, "Methy_R": 0.8773822873301063, "N6-ace_K": 0.9053230515598166, "Palm_C": 0.972560539679975, "Phos_ST": 0.7622395021773403, "Phos_Y": 0.9012082309826708, "Pyro_Q": 0.8756543549203797, "SUMO_K": 0.9198786035328532, "Ubi_K": 0.9145820571762592, "glyco_N": 0.9519707833450458, "glyco_ST": 0.9091250924589276}, "10": {"Hydro_K": 0.9197496154204783, "Hydro_P": 0.9391047159106672, "Methy_K": 0.9540974515098656, "Methy_R": 0.8507827924810062, "N6-ace_K": 0.9053622960479661, "Palm_C": 0.9757558928235551, "Phos_ST": 0.7562323842984543, "Phos_Y": 0.8934194308245195, "Pyro_Q": 0.9093679153323528, "SUMO_K": 0.8969937206229753, "Ubi_K": 0.9481796043108486, "glyco_N": 0.9534137394306991, "glyco_ST": 0.833468626650311}, "11": {"Hydro_K": 0.8548903919277442, "Hydro_P": 0.9398148149391453, "Methy_K": 0.9561053800426168, "Methy_R": 0.8373512008755322, "N6-ace_K": 0.9018383675158309, "Palm_C": 0.9658861483595301, "Phos_ST": 0.726553846848395, "Phos_Y": 0.8801573438409734, "Pyro_Q": 0.8800530822230723, "SUMO_K": 0.899886091500919, "Ubi_K": 0.9134014715793107, "glyco_N": 0.9545315220137469, "glyco_ST": 0.8981184734143689}, "12": {"Hydro_K": 0.9124383386592378, "Hydro_P": 0.9709393275113236, "Methy_K": 0.8963273141992517, "Methy_R": 0.8474559954779572, "N6-ace_K": 0.9008819116878652, "Palm_C": 0.9842574108749733, "Phos_ST": 0.7513622414208689, "Phos_Y": 0.8930917386202188, "Pyro_Q": 0.8705295285941228, "SUMO_K": 0.9025241694584641, "Ubi_K": 0.9156206966530012, "glyco_N": 0.950191923609571, "glyco_ST": 0.8744456448376894}, "13": {"Hydro_K": 0.8544784277246079, "Hydro_P": 0.9142984223330567, "Methy_K": 0.9285295623551207, "Methy_R": 0.8579280678142838, "N6-ace_K": 0.8781016032095036, "Palm_C": 0.9585845915755661, "Phos_ST": 0.7502622812232186, "Phos_Y": 0.8835303007078209, "Pyro_Q": 0.8866375998261768, "SUMO_K": 0.9105970962593716, "Ubi_K": 0.9130723818657823, "glyco_N": 0.9547035676389651, "glyco_ST": 0.8497214962339515}, "14": {"Hydro_K": 0.8226520198654899, "Hydro_P": 0.9417406469692479, "Methy_K": 0.9401186417866872, "Methy_R": 0.8521094820929038, "N6-ace_K": 0.8870038177917141, "Palm_C": 0.9721530645797237, "Phos_ST": 0.7348446120618337, "Phos_Y": 0.8665016322292001, "Pyro_Q": 0.8308420135813392, "SUMO_K": 0.8652026805334494, "Ubi_K": 0.9168829421687882, "glyco_N": 0.9531952897767704, "glyco_ST": 0.851821554541391}}