{"0": {"Hydro_K": 0.8536403860667374, "Hydro_P": 0.9461524586456002, "Methy_K": 0.9474802059715541, "Methy_R": 0.8622482521919681, "N6-ace_K": 0.8930108812845786, "Palm_C": 0.9791045202978209, "Phos_ST": 0.7322268541026316, "Phos_Y": 0.8759245867583716, "Pyro_Q": 0.9047211018362593, "SUMO_K": 0.8644806729176826, "Ubi_K": 0.9289989289946354, "glyco_N": 0.9481464820324539, "glyco_ST": 0.8172728760290106}, "1": {"Hydro_K": 0.8468957382145431, "Hydro_P": 0.9447576338608291, "Methy_K": 0.9403426555514139, "Methy_R": 0.8140127297269596, "N6-ace_K": 0.8846873727335438, "Palm_C": 0.9670241675472075, "Phos_ST": 0.7217413922428274, "Phos_Y": 0.8605627016514947, "Pyro_Q": 0.8978627158645769, "SUMO_K": 0.9145592334239327, "Ubi_K": 0.9222911362663948, "glyco_N": 0.9413961990560659, "glyco_ST": 0.9135911401099165}, "2": {"Hydro_K": 0.9125717464674764, "Hydro_P": 0.9222122326319363, "Methy_K": 0.9439424577726958, "Methy_R": 0.8501279510540035, "N6-ace_K": 0.8778599536769245, "Palm_C": 0.9564696140585677, "Phos_ST": 0.7184805490237034, "Phos_Y": 0.8586725327857797, "Pyro_Q": 0.7932990035956443, "SUMO_K": 0.9364978559595245, "Ubi_K": 0.895655251847319, "glyco_N": 0.9463821213739386, "glyco_ST": 0.9003536659980427}, "3": {"Hydro_K": 0.9002601061851487, "Hydro_P": 0.9174266621053881, "Methy_K": 0.9646702580225323, "Methy_R": 0.8754895365504021, "N6-ace_K": 0.8924114838425252, "Palm_C": 0.9682963793868916, "Phos_ST": 0.7356169265522925, "Phos_Y": 0.8679744495291992, "Pyro_Q": 0.8719880507047746, "SUMO_K": 0.9013560379879223, "Ubi_K": 0.919657079528377, "glyco_N": 0.9431386739625003, "glyco_ST": 0.8817909452591363}, "4": {"Hydro_K": 0.7005374141096439, "Hydro_P": 0.9225940191102677, "Methy_K": 0.9222438530675733, "Methy_R": 0.8054278178177546, "N6-ace_K": 0.8735322603644549, "Palm_C": 0.9638486583484587, "Phos_ST": 0.7083595991577918, "Phos_Y": 0.8590078554767278, "Pyro_Q": 0.8623586224922785, "SUMO_K": 0.8884347454236644, "Ubi_K": 0.8805527459864138, "glyco_N": 0.9524969356988795, "glyco_ST": 0.8317759257899615}, "5": {"Hydro_K": 0.8347423844566545, "Hydro_P": 0.9232155529766177, "Methy_K": 0.9587282954919161, "Methy_R": 0.8353648264841914, "N6-ace_K": 0.8968005047454441, "Palm_C": 0.9709328592078055, "Phos_ST": 0.7242048410715263, "Phos_Y": 0.8659125703807707, "Pyro_Q": 0.880113220243755, "SUMO_K": 0.9180611051634209, "Ubi_K": 0.9116780577157565, "glyco_N": 0.9508848346957846, "glyco_ST": 0.8339651851684216}, "6": {"Hydro_K": 0.9140001089308443, "Hydro_P": 0.9101976785566166, "Methy_K": 0.9322186477457907, "Methy_R": 0.855478844744125, "N6-ace_K": 0.8778677555678129, "Palm_C": 0.978850207005023, "Phos_ST": 0.7156488985950047, "Phos_Y": 0.8599024443241573, "Pyro_Q": 0.8963152685703499, "SUMO_K": 0.8906983994688252, "Ubi_K": 0.8969244687829679, "glyco_N": 0.9513040240355567, "glyco_ST": 0.9057395777432555}, "7": {"Hydro_K": 0.8846979251509153, "Hydro_P": 0.8040479769619472, "Methy_K": 0.9425475480517859, "Methy_R": 0.7988342043522015, "N6-ace_K": 0.8492318370813484, "Palm_C": 0.9504221389988037, "Phos_ST": 0.6976604989670482, "Phos_Y": 0.8109325524952351, "Pyro_Q": 0.8162625151188595, "SUMO_K": 0.8852608142224964, "Ubi_K": 0.8744571582002864, "glyco_N": 0.9420746498022243, "glyco_ST": 0.874876997758711}, "8": {"Hydro_K": 0.8625477638765237, "Hydro_P": 0.8841541073946385, "Methy_K": 0.9419388075079185, "Methy_R": 0.8529165018191827, "N6-ace_K": 0.881073517534679, "Palm_C": 0.9642755095046429, "Phos_ST": 0.7063868476704472, "Phos_Y": 0.8474985112467038, "Pyro_Q": 0.9213354583729699, "SUMO_K": 0.8706135078894245, "Ubi_K": 0.9002537251013134, "glyco_N": 0.9443114977953616, "glyco_ST": 0.8185314363239036}, "9": {"Hydro_K": 0.8903123320324579, "Hydro_P": 0.9415344789294523, "Methy_K": 0.9570807096083478, "Methy_R": 0.8494172775512246, "N6-ace_K": 0.8842717895641443, "Palm_C": 0.9750026885163767, "Phos_ST": 0.7367744643441936, "Phos_Y": 0.8685319774583431, "Pyro_Q": 0.8749731248047488, "SUMO_K": 0.9102444992689461, "Ubi_K": 0.9190035717433167, "glyco_N": 0.9399464488826852, "glyco_ST": 0.8830480001148006}, "10": {"Hydro_K": 0.8577783420094366, "Hydro_P": 0.9259073031278855, "Methy_K": 0.9311993954385825, "Methy_R": 0.826079263212818, "N6-ace_K": 0.8790593935733861, "Palm_C": 0.9736058274559372, "Phos_ST": 0.7260782775388266, "Phos_Y": 0.8655549384774422, "Pyro_Q": 0.881831851911984, "SUMO_K": 0.859817616298896, "Ubi_K": 0.9163211521171591, "glyco_N": 0.945636161997451, "glyco_ST": 0.8236515358859793}, "11": {"Hydro_K": 0.8537089735092935, "Hydro_P": 0.927265599331004, "Methy_K": 0.9629872144121246, "Methy_R": 0.8152251658824388, "N6-ace_K": 0.8958540584864503, "Palm_C": 0.9591552760500497, "Phos_ST": 0.7152294161285322, "Phos_Y": 0.8516392274704168, "Pyro_Q": 0.8925282331802138, "SUMO_K": 0.9229020217614705, "Ubi_K": 0.913220254855498, "glyco_N": 0.942984190806132, "glyco_ST": 0.8759957469462892}, "12": {"Hydro_K": 0.9274716989261655, "Hydro_P": 0.9487208856736843, "Methy_K": 0.9156770569045422, "Methy_R": 0.7918877820575925, "N6-ace_K": 0.874166224278957, "Palm_C": 0.9746189143165803, "Phos_ST": 0.7230072597532883, "Phos_Y": 0.8698958654300445, "Pyro_Q": 0.8649444476932951, "SUMO_K": 0.8952069035081163, "Ubi_K": 0.8947820930833943, "glyco_N": 0.9450134175291179, "glyco_ST": 0.8794789271584742}, "13": {"Hydro_K": 0.8822951687941377, "Hydro_P": 0.8847016991218583, "Methy_K": 0.9560995964997999, "Methy_R": 0.8190974883584337, "N6-ace_K": 0.8764891612715615, "Palm_C": 0.9729013780740313, "Phos_ST": 0.7207981844872416, "Phos_Y": 0.8645964957358512, "Pyro_Q": 0.8636700542815532, "SUMO_K": 0.9155797716187242, "Ubi_K": 0.9009868156488273, "glyco_N": 0.9514721891294337, "glyco_ST": 0.8730300651080132}, "14": {"Hydro_K": 0.8188542922473984, "Hydro_P": 0.909848592000049, "Methy_K": 0.9446152592617828, "Methy_R": 0.8654450389343912, "N6-ace_K": 0.8886918283361123, "Palm_C": 0.9661537880071442, "Phos_ST": 0.7311823561942359, "Phos_Y": 0.8641121628228164, "Pyro_Q": 0.8570850974836116, "SUMO_K": 0.902905760622076, "Ubi_K": 0.9164383052765875, "glyco_N": 0.9457573923226513, "glyco_ST": 0.8399712064704722}}