{"0": {"Arg-OH_R": 0.5638947540752606, "Asn-OH_N": 0.5636978106029641, "Asp-OH_D": 0.53600968921841, "Cys4HNE_C": 0.25980201373543754, "CysSO2H_C": 0.18304473963266887, "CysSO3H_C": 0.3342287403889123, "Lys-OH_K": 0.5517791197185352, "Lys2AAA_K": 0.3447575208032724, "MetO2_M": 0.46566024377738374, "MetO_M": 0.6553337570385152, "Phe-OH_F": 0.5848404122605992, "ProCH_P": 0.5625388629163635, "Trp-OH_W": 0.6746553089895718, "Tyr-OH_Y": 0.5986171781200563, "Val-OH_V": 0.5259256208083344}, "1": {"Arg-OH_R": 0.07266230556047942, "Asn-OH_N": 0.14614952890316207, "Asp-OH_D": 0.1319715332960743, "Cys4HNE_C": 0.09867128325120865, "CysSO2H_C": 0.14951509836915255, "CysSO3H_C": 0.17003501470144378, "Lys-OH_K": 0.07317239002874332, "Lys2AAA_K": 0.05883173162797108, "MetO2_M": 0.23549683711796804, "MetO_M": 0.28339912811265877, "Phe-OH_F": 0.14395839951528433, "ProCH_P": 0.1495166397500206, "Trp-OH_W": 0.35096306210392064, "Tyr-OH_Y": 0.202404131116816, "Val-OH_V": 0.10169855753220311}, "2": {"Arg-OH_R": 0.5714814387536777, "Asn-OH_N": 0.5781410453833842, "Asp-OH_D": 0.5340167765707996, "Cys4HNE_C": 0.29045701746780733, "CysSO2H_C": 0.2841843171019006, "CysSO3H_C": 0.2864274450172779, "Lys-OH_K": 0.5996487790887322, "Lys2AAA_K": 0.4752344553706503, "MetO2_M": 0.5912125494967848, "MetO_M": 0.6522766246022231, "Phe-OH_F": 0.5894317540098145, "ProCH_P": 0.5436834098629355, "Trp-OH_W": 0.6550820595129595, "Tyr-OH_Y": 0.555748276838785, "Val-OH_V": 0.5054644765116748}, "3": {"Arg-OH_R": 0.19452866216148745, "Asn-OH_N": 0.20900839903590568, "Asp-OH_D": 0.14517393701407327, "Cys4HNE_C": 0.1363072380303566, "CysSO2H_C": 0.2161390017723271, "CysSO3H_C": 0.2654212710225695, "Lys-OH_K": 0.17452960204810747, "Lys2AAA_K": 0.11901366554708435, "MetO2_M": 0.16028532322607847, "MetO_M": 0.31260166302972503, "Phe-OH_F": 0.1560934332522232, "ProCH_P": 0.12024582108783441, "Trp-OH_W": 0.32064242065142057, "Tyr-OH_Y": 0.19711722580533694, "Val-OH_V": 0.12855327990530008}, "4": {"Arg-OH_R": 0.16273434645684126, "Asn-OH_N": 0.1110570195871383, "Asp-OH_D": 0.11235468808971365, "Cys4HNE_C": 0.10951073570957479, "CysSO2H_C": 0.11279098007059805, "CysSO3H_C": 0.13761340409976286, "Lys-OH_K": 0.2184541856103122, "Lys2AAA_K": 0.0514402938042378, "MetO2_M": 0.19836412237582318, "MetO_M": 0.3239354059239185, "Phe-OH_F": 0.16213674067220885, "ProCH_P": 0.20753106914633115, "Trp-OH_W": 0.2364034408117365, "Tyr-OH_Y": 0.1988949909458099, "Val-OH_V": 0.0788439250214765}, "5": {"Arg-OH_R": 0.582697113868042, "Asn-OH_N": 0.5603933034361326, "Asp-OH_D": 0.5107994989600603, "Cys4HNE_C": 0.18412626252365474, "CysSO2H_C": 0.2512061574483405, "CysSO3H_C": 0.2817276328472045, "Lys-OH_K": 0.5610871618165195, "Lys2AAA_K": 0.4809234895944305, "MetO2_M": 0.607363734182545, "MetO_M": 0.6551867544724131, "Phe-OH_F": 0.5936524051962015, "ProCH_P": 0.5641980228695883, "Trp-OH_W": 0.6511861048570546, "Tyr-OH_Y": 0.6221176100784853, "Val-OH_V": 0.5312432015802077}, "6": {"Arg-OH_R": 0.6048486286385091, "Asn-OH_N": 0.5923239437789988, "Asp-OH_D": 0.5039225753304779, "Cys4HNE_C": 0.27302262324406423, "CysSO2H_C": 0.22328676240003553, "CysSO3H_C": 0.3288711201171544, "Lys-OH_K": 0.5545938439996805, "Lys2AAA_K": 0.42404576558369855, "MetO2_M": 0.5321813131697473, "MetO_M": 0.6275690329831276, "Phe-OH_F": 0.5447390051379732, "ProCH_P": 0.5847783723249953, "Trp-OH_W": 0.6459917092904818, "Tyr-OH_Y": 0.565722008122626, "Val-OH_V": 0.5082201208737818}, "7": {"Arg-OH_R": 0.6861691274322845, "Asn-OH_N": 0.5827903375684071, "Asp-OH_D": 0.5494953192307402, "Cys4HNE_C": 0.21956689695292206, "CysSO2H_C": 0.21293815636295318, "CysSO3H_C": 0.2859683289297381, "Lys-OH_K": 0.5434063214679377, "Lys2AAA_K": 0.45781022514434117, "MetO2_M": 0.5884689426379688, "MetO_M": 0.674454795031897, "Phe-OH_F": 0.5816200167466554, "ProCH_P": 0.6382271766786184, "Trp-OH_W": 0.6486935271278053, "Tyr-OH_Y": 0.6493361964883233, "Val-OH_V": 0.4876445744966248}, "8": {"Arg-OH_R": 0.6214857538664811, "Asn-OH_N": 0.5658605272091543, "Asp-OH_D": 0.5248194432983567, "Cys4HNE_C": 0.2123630818324742, "CysSO2H_C": 0.2789864138359668, "CysSO3H_C": 0.26627286916158277, "Lys-OH_K": 0.5731234199877098, "Lys2AAA_K": 0.44940232544460607, "MetO2_M": 0.4994513476829032, "MetO_M": 0.6630244104396323, "Phe-OH_F": 0.582570233247498, "ProCH_P": 0.5934791229939607, "Trp-OH_W": 0.6346164825117216, "Tyr-OH_Y": 0.5544389630708515, "Val-OH_V": 0.5058174802866519}, "9": {"Arg-OH_R": 0.5904789299096376, "Asn-OH_N": 0.5656619804506569, "Asp-OH_D": 0.5158040001213879, "Cys4HNE_C": 0.21093547192124626, "CysSO2H_C": 0.27761461597259385, "CysSO3H_C": 0.32175293816387485, "Lys-OH_K": 0.548018243957801, "Lys2AAA_K": 0.4407072924593155, "MetO2_M": 0.4716819308857752, "MetO_M": 0.6579329764184084, "Phe-OH_F": 0.6118257825176491, "ProCH_P": 0.5688629242834435, "Trp-OH_W": 0.7154376961473952, "Tyr-OH_Y": 0.5484685660277848, "Val-OH_V": 0.5417343671117887}, "10": {"Arg-OH_R": 0.5878717759095078, "Asn-OH_N": 0.556913820894344, "Asp-OH_D": 0.4735819244880139, "Cys4HNE_C": 0.23935251015009554, "CysSO2H_C": 0.2714486745429351, "CysSO3H_C": 0.2809202698094002, "Lys-OH_K": 0.5785994181500882, "Lys2AAA_K": 0.3632379341769481, "MetO2_M": 0.48059276069849827, "MetO_M": 0.6623757971670985, "Phe-OH_F": 0.48722043091189754, "ProCH_P": 0.574782165821949, "Trp-OH_W": 0.5898751784606175, "Tyr-OH_Y": 0.6101466366262223, "Val-OH_V": 0.5352245046835582}, "11": {"Arg-OH_R": 0.6183035794430126, "Asn-OH_N": 0.6115810412182867, "Asp-OH_D": 0.5082862236756998, "Cys4HNE_C": 0.21781342158235117, "CysSO2H_C": 0.2306834937000737, "CysSO3H_C": 0.314339797761044, "Lys-OH_K": 0.5757885409505415, "Lys2AAA_K": 0.48001000157132, "MetO2_M": 0.5263352305721904, "MetO_M": 0.6595190135267204, "Phe-OH_F": 0.5930521054983175, "ProCH_P": 0.5653979099663421, "Trp-OH_W": 0.6391706121318667, "Tyr-OH_Y": 0.5848917796425025, "Val-OH_V": 0.4937956339013762}, "12": {"Arg-OH_R": 0.592003133121811, "Asn-OH_N": 0.5926837690282026, "Asp-OH_D": 0.506328916457392, "Cys4HNE_C": 0.26559945572259014, "CysSO2H_C": 0.2245943394777966, "CysSO3H_C": 0.301624373640625, "Lys-OH_K": 0.5449911006433125, "Lys2AAA_K": 0.3986872078985392, "MetO2_M": 0.5252500301648961, "MetO_M": 0.6548130452359999, "Phe-OH_F": 0.6077393835313242, "ProCH_P": 0.59786518357801, "Trp-OH_W": 0.6646225025267511, "Tyr-OH_Y": 0.5540335293916177, "Val-OH_V": 0.5009849660284014}, "13": {"Arg-OH_R": 0.6168608729645666, "Asn-OH_N": 0.6033137543044884, "Asp-OH_D": 0.5417160884033583, "Cys4HNE_C": 0.1981126937325946, "CysSO2H_C": 0.25392435903905114, "CysSO3H_C": 0.24414441137691537, "Lys-OH_K": 0.5954717998488711, "Lys2AAA_K": 0.4146439735428344, "MetO2_M": 0.5150600665640614, "MetO_M": 0.6184016200126995, "Phe-OH_F": 0.5972310723987758, "ProCH_P": 0.59597626153276, "Trp-OH_W": 0.6112001448616422, "Tyr-OH_Y": 0.5972787495494961, "Val-OH_V": 0.5383343261808639}, "14": {"Arg-OH_R": 0.5951274743917487, "Asn-OH_N": 0.561191424438441, "Asp-OH_D": 0.5612886897740547, "Cys4HNE_C": 0.19330535551248826, "CysSO2H_C": 0.24328324920948366, "CysSO3H_C": 0.34393391617498803, "Lys-OH_K": 0.5201304334338275, "Lys2AAA_K": 0.396712334996653, "MetO2_M": 0.5325144165075438, "MetO_M": 0.6880616659599565, "Phe-OH_F": 0.5100184929290383, "ProCH_P": 0.6149581576628446, "Trp-OH_W": 0.6248775599526496, "Tyr-OH_Y": 0.6303753413162297, "Val-OH_V": 0.5362459805318709}}